{
    "last01": 49.459999084472656,
    "last10": 49.26499938964844,
    "last20": 49.18000030517578,
    "last50": 48.915000915527344
}