{
    "last01": 43.86000061035156,
    "last10": 43.75,
    "last20": 43.67999839782715,
    "last50": 43.64999961853027
}