{
    "last01": 53.619998931884766,
    "last10": 53.635000228881836,
    "last20": 53.67499923706055,
    "last50": 53.614999771118164
}