{
    "last01": 47.06999969482422,
    "last10": 47.07500076293945,
    "last20": 47.10500144958496,
    "last50": 47.27000045776367
}